{
    "left_camera_matrix": [
        [
            521.5154872600061,
            0.0,
            319.7161808926515
        ],
        [
            0.0,
            521.99135286678,
            226.45000771796126
        ],
        [
            0.0,
            0.0,
            1.0
        ]
    ],
    "right_camera_matrix": [
        [
            523.2926875506237,
            0.0,
            320.3619514365344
        ],
        [
            0.0,
            523.5608147196604,
            237.66212410575085
        ],
        [
            0.0,
            0.0,
            1.0
        ]
    ],
    "left_dist": [
        [
            0.2501656317025127
        ],
        [
            -0.6715868419229881
        ],
        [
            0.0
        ],
        [
            0.0
        ],
        [
            0.630734491834009
        ]
    ],
    "right_dist": [
        [
            0.21973284074782862
        ],
        [
            -0.36592063900689265
        ],
        [
            0.0
        ],
        [
            0.0
        ],
        [
            0.02470174764144811
        ]
    ],
    "width": 640,
    "height": 480,
    "DIM": [
        640,
        480
    ],
    "left_rms": 0.14525162085549223,
    "right_rms": 0.14867767715038765,
    "left_right_flags": 8,
    "left_right_criteria": [
        3,
        30,
        1e-06
    ],
    "stereo_rms": 0.21404370782420204,
    "R": [
        [
            0.9996194684906401,
            0.011143760255995535,
            -0.025233605010921756
        ],
        [
            -0.011492359838673966,
            0.9998399368056088,
            -0.013712273111879652
        ],
        [
            0.025076759755374198,
            0.013997048828708083,
            0.9995875343081556
        ]
    ],
    "T": [
        [
            -1.7368797183568532
        ],
        [
            0.007973765246550253
        ],
        [
            -0.006376469983526794
        ]
    ],
    "stereo_flags": 264,
    "stereo_criteria": [
        3,
        30,
        0.1
    ],
    "left_RT": [
        [
            0.9997470182062469,
            0.0066049109084438725,
            -0.021500575332060814
        ],
        [
            -0.006754121499420125,
            0.9999535595242599,
            -0.006874637265565881
        ],
        [
            0.02145417046844677,
            0.007018115605599225,
            0.9997451998498705
        ]
    ],
    "right_RT": [
        [
            0.9999827235335436,
            -0.004590777014546025,
            0.0036711579698218613
        ],
        [
            0.004565163272448252,
            0.9999653914616756,
            0.006955225603351322
        ],
        [
            -0.003702960806241426,
            -0.006938346006098288,
            0.9999690732397514
        ]
    ],
    "left_P": [
        [
            522.7760837932201,
            0.0,
            326.3182716369629,
            0.0
        ],
        [
            0.0,
            522.7760837932201,
            232.34775161743164,
            0.0
        ],
        [
            0.0,
            0.0,
            1.0,
            0.0
        ]
    ],
    "right_P": [
        [
            522.7760837932201,
            0.0,
            326.3182716369629,
            -908.0148644708149
        ],
        [
            0.0,
            522.7760837932201,
            232.34775161743164,
            0.0
        ],
        [
            0.0,
            0.0,
            1.0,
            0.0
        ]
    ],
    "Q": [
        [
            1.0,
            0.0,
            0.0,
            -326.3182716369629
        ],
        [
            0.0,
            1.0,
            0.0,
            -232.34775161743164
        ],
        [
            0.0,
            0.0,
            0.0,
            522.7760837932201
        ],
        [
            0.0,
            0.0,
            0.5757351605668819,
            -0.0
        ]
    ],
    "calibration_time": "04/12/2024 04:08:51"
}