{
    "left_camera_matrix": [
        [
            509.73029944603053,
            0.0,
            318.27849585708503
        ],
        [
            0.0,
            509.7172111199787,
            223.65834688191427
        ],
        [
            0.0,
            0.0,
            1.0
        ]
    ],
    "right_camera_matrix": [
        [
            512.3846335831511,
            0.0,
            319.44664772197603
        ],
        [
            0.0,
            512.5600543384434,
            234.68714068855616
        ],
        [
            0.0,
            0.0,
            1.0
        ]
    ],
    "left_dist": [
        [
            0.17729174376126303
        ],
        [
            -0.3460622320638364
        ],
        [
            0.0
        ],
        [
            0.0
        ],
        [
            -0.015652116846990742
        ]
    ],
    "right_dist": [
        [
            0.15741159736322213
        ],
        [
            -0.05509138898875043
        ],
        [
            0.0
        ],
        [
            0.0
        ],
        [
            -0.7081208277272291
        ]
    ],
    "width": 640,
    "height": 480,
    "DIM": [
        640,
        480
    ],
    "left_rms": 0.2640198190257821,
    "right_rms": 0.25727914029811955,
    "left_right_flags": 8,
    "left_right_criteria": [
        3,
        30,
        1e-06
    ],
    "stereo_rms": 0.33649107400936223,
    "R": [
        [
            0.9996721547411492,
            0.011201803727246598,
            -0.023023957705921295
        ],
        [
            -0.011210220387922664,
            0.9999371355324778,
            -0.00023652052211749425
        ],
        [
            0.02301986086061363,
            0.0004945466200712785,
            0.9997348855719693
        ]
    ],
    "T": [
        [
            -1.7152642789681989
        ],
        [
            0.003484905051399794
        ],
        [
            0.03553369724001096
        ]
    ],
    "stereo_flags": 264,
    "stereo_criteria": [
        3,
        30,
        0.1
    ],
    "left_RT": [
        [
            0.9990016434166136,
            0.009158001006995325,
            -0.043724678025812716
        ],
        [
            -0.009169044860406402,
            0.9999579620711798,
            -5.202692411939282e-05
        ],
        [
            0.0437223634682867,
            0.0004528885170226671,
            0.9990436175787012
        ]
    ],
    "right_RT": [
        [
            0.999783426731621,
            -0.0020312615127843843,
            -0.020711678093384058
        ],
        [
            0.0020364918598003733,
            0.9999978995654168,
            0.00023144256241329085
        ],
        [
            0.02071116446948966,
            -0.00027357160198111,
            0.9997854633994717
        ]
    ],
    "left_P": [
        [
            511.13863272921105,
            0.0,
            341.77244567871094,
            0.0
        ],
        [
            0.0,
            511.13863272921105,
            226.54337882995605,
            0.0
        ],
        [
            0.0,
            0.0,
            1.0,
            0.0
        ]
    ],
    "right_P": [
        [
            511.13863272921105,
            0.0,
            341.77244567871094,
            -876.9277574316203
        ],
        [
            0.0,
            511.13863272921105,
            226.54337882995605,
            0.0
        ],
        [
            0.0,
            0.0,
            1.0,
            0.0
        ]
    ],
    "Q": [
        [
            1.0,
            0.0,
            0.0,
            -341.77244567871094
        ],
        [
            0.0,
            1.0,
            0.0,
            -226.54337882995605
        ],
        [
            0.0,
            0.0,
            0.0,
            511.13863272921105
        ],
        [
            0.0,
            0.0,
            0.5828742771539739,
            -0.0
        ]
    ],
    "calibration_time": "04/12/2024 01:37:38"
}