{"offsets": [3.1599999999998545, -97.3199999999988, -185.50500000000102], "scales": [6.10518501152659e-05, 6.127661243277957e-05, -5.9604079899269107e-05]}