{
    "left_camera_matrix": [
        [
            435.1580626561728,
            0.0,
            327.4355418177754
        ],
        [
            0.0,
            435.0931018703979,
            242.42291925370185
        ],
        [
            0.0,
            0.0,
            1.0
        ]
    ],
    "right_camera_matrix": [
        [
            445.8626387290118,
            0.0,
            304.4858291791412
        ],
        [
            0.0,
            446.05363842038696,
            241.27670332303046
        ],
        [
            0.0,
            0.0,
            1.0
        ]
    ],
    "left_dist": [
        [
            -0.07196993259332567
        ],
        [
            0.2954567578819105
        ],
        [
            0.0
        ],
        [
            0.0
        ],
        [
            -0.38758316851069785
        ]
    ],
    "right_dist": [
        [
            -0.08241377705512083
        ],
        [
            0.3776961252261064
        ],
        [
            0.0
        ],
        [
            0.0
        ],
        [
            -0.5319763079583975
        ]
    ],
    "width": 640,
    "height": 480,
    "DIM": [
        640,
        480
    ],
    "left_rms": 0.10406830591760927,
    "right_rms": 0.10200793583787941,
    "left_right_flags": 8,
    "left_right_criteria": [
        3,
        30,
        1e-06
    ],
    "stereo_rms": 0.17090175502534136,
    "R": [
        [
            0.9999783952909189,
            0.0023307924603959956,
            0.0061462474653398115
        ],
        [
            -0.0022889368188047385,
            0.9999742041617864,
            -0.0068082141007382805
        ],
        [
            -0.006161957451829322,
            0.006793998639132385,
            0.9999579350466965
        ]
    ],
    "T": [
        [
            -1.6964860004868292
        ],
        [
            -0.02007767954857253
        ],
        [
            0.15414164967716393
        ]
    ],
    "stereo_flags": 264,
    "stereo_criteria": [
        3,
        30,
        0.1
    ],
    "left_RT": [
        [
            0.9963375486757213,
            0.01349153616988594,
            -0.0844361744196827
        ],
        [
            -0.013784487025686413,
            0.9999008204012522,
            -0.00288743456058074
        ],
        [
            0.08438884414597166,
            0.004040768822837273,
            0.9964247062227167
        ]
    ],
    "right_RT": [
        [
            0.9958285034406112,
            0.011785493998581599,
            -0.0904803507201525
        ],
        [
            -0.011471374809875548,
            0.9999262372140312,
            0.003990951134819997
        ],
        [
            0.09052071196805597,
            -0.002936368879852555,
            0.9958902441748276
        ]
    ],
    "left_P": [
        [
            440.57337014539246,
            0.0,
            375.3398628234863,
            0.0
        ],
        [
            0.0,
            440.57337014539246,
            241.49099922180176,
            0.0
        ],
        [
            0.0,
            0.0,
            1.0,
            0.0
        ]
    ],
    "right_P": [
        [
            440.57337014539246,
            0.0,
            375.3398628234863,
            -750.5575026790091
        ],
        [
            0.0,
            440.57337014539246,
            241.49099922180176,
            0.0
        ],
        [
            0.0,
            0.0,
            1.0,
            0.0
        ]
    ],
    "Q": [
        [
            1.0,
            0.0,
            0.0,
            -375.3398628234863
        ],
        [
            0.0,
            1.0,
            0.0,
            -241.49099922180176
        ],
        [
            0.0,
            0.0,
            0.0,
            440.57337014539246
        ],
        [
            0.0,
            0.0,
            0.5869948252769814,
            -0.0
        ]
    ],
    "calibration_time": "26/11/2024 22:14:53"
}