{
    "left_camera_matrix": [
        [
            515.7691954790106,
            0.0,
            318.5985034400418
        ],
        [
            0.0,
            515.5517924378441,
            222.59411150321367
        ],
        [
            0.0,
            0.0,
            1.0
        ]
    ],
    "right_camera_matrix": [
        [
            515.9740222939575,
            0.0,
            320.4345887258098
        ],
        [
            0.0,
            516.0363507269269,
            233.84626558616716
        ],
        [
            0.0,
            0.0,
            1.0
        ]
    ],
    "left_dist": [
        [
            0.17603465338103172
        ],
        [
            -0.3022530680796979
        ],
        [
            0.0
        ],
        [
            0.0
        ],
        [
            -0.08132113362206848
        ]
    ],
    "right_dist": [
        [
            0.21112292418609696
        ],
        [
            -0.5631065514882865
        ],
        [
            0.0
        ],
        [
            0.0
        ],
        [
            0.46209544502629896
        ]
    ],
    "width": 640,
    "height": 480,
    "DIM": [
        640,
        480
    ],
    "left_rms": 0.16832231273650627,
    "right_rms": 0.16539683352521398,
    "left_right_flags": 8,
    "left_right_criteria": [
        3,
        30,
        1e-06
    ],
    "stereo_rms": 32.27377628573416,
    "R": [
        [
            0.7833517009141834,
            0.08572191071694434,
            0.615639396642135
        ],
        [
            -0.05226794529196206,
            0.9960211624273307,
            -0.07217967783154296
        ],
        [
            -0.6193772473782131,
            0.024363867097509317,
            0.7847153798736474
        ]
    ],
    "T": [
        [
            -22.76861636806424
        ],
        [
            1.9851423399387447
        ],
        [
            6.937629896194685
        ]
    ],
    "stereo_flags": 264,
    "stereo_criteria": [
        3,
        30,
        0.1
    ],
    "left_RT": [
        [
            0.9309957895773086,
            -0.008143353227688945,
            0.36493907106191437
        ],
        [
            0.014431310508505183,
            0.9997906333170117,
            -0.014506095566203974
        ],
        [
            -0.3647445367189631,
            0.01877166294652188,
            0.9309183893359778
        ]
    ],
    "right_RT": [
        [
            0.9532699410307055,
            -0.08311337372196442,
            -0.2904627112657807
        ],
        [
            0.0880782311160854,
            0.9961053791367794,
            0.004037184443934929
        ],
        [
            0.28899592511102407,
            -0.029431968390272154,
            0.956877794969607
        ]
    ],
    "left_P": [
        [
            515.7940715823855,
            0.0,
            277.70398902893066,
            0.0
        ],
        [
            0.0,
            515.7940715823855,
            228.4285717010498,
            0.0
        ],
        [
            0.0,
            0.0,
            1.0,
            0.0
        ]
    ],
    "right_P": [
        [
            515.7940715823855,
            0.0,
            277.70398902893066,
            -12319.613611316965
        ],
        [
            0.0,
            515.7940715823855,
            228.4285717010498,
            0.0
        ],
        [
            0.0,
            0.0,
            1.0,
            0.0
        ]
    ],
    "Q": [
        [
            1.0,
            0.0,
            0.0,
            -277.70398902893066
        ],
        [
            0.0,
            1.0,
            0.0,
            -228.4285717010498
        ],
        [
            0.0,
            0.0,
            0.0,
            515.7940715823855
        ],
        [
            0.0,
            0.0,
            0.041867714999484246,
            -0.0
        ]
    ],
    "calibration_time": "04/12/2024 03:04:51"
}